filename,z3-time,z3-res,message
random_word_equation_1000/ttt_0687_unsat.smt2,0.03,unsat,
random_word_equation_1000/ttt_0489_unsat.smt2,0.03,unsat,
random_word_equation_1000/ttt_0370_sat.smt2,10.00,timeout,
random_word_equation_1000/ttt_0529_unsat.smt2,0.03,unsat,
random_word_equation_1000/ttt_0769_unsat.smt2,0.03,unsat,
random_word_equation_1000/ttt_0214_sat.smt2,10.00,timeout,
random_word_equation_1000/ttt_0904_sat.smt2,3.88,sat,
random_word_equation_1000/ttt_0558_sat.smt2,4.42,sat,
random_word_equation_1000/ttt_0994_sat.smt2,10.00,timeout,
random_word_equation_1000/ttt_0085_unsat.smt2,0.03,unsat,
random_word_equation_1000/ttt_0047_unsat.smt2,0.03,unsat,
random_word_equation_1000/ttt_0956_sat.smt2,1.15,sat,
random_word_equation_1000/ttt_0387_unsat.smt2,0.03,unsat,
random_word_equation_1000/ttt_0824_sat.smt2,10.00,timeout,
random_word_equation_1000/ttt_0817_unsat.smt2,0.03,unsat,
random_word_equation_1000/ttt_0365_unsat.smt2,0.03,unsat,
random_word_equation_1000/ttt_0587_unsat.smt2,0.03,unsat,
random_word_equation_1000/ttt_0741_unsat.smt2,0.03,unsat,
random_word_equation_1000/ttt_0608_sat.smt2,8.43,sat,
random_word_equation_1000/ttt_0439_unsat.smt2,0.03,unsat,
random_word_equation_1000/ttt_0766_sat.smt2,0.28,sat,
random_word_equation_1000/ttt_0696_sat.smt2,10.00,timeout,
random_word_equation_1000/ttt_0469_unsat.smt2,0.03,unsat,
random_word_equation_1000/ttt_0447_unsat.smt2,0.03,unsat,
random_word_equation_1000/ttt_0973_unsat.smt2,0.04,unsat,
random_word_equation_1000/ttt_0178_sat.smt2,3.66,sat,
random_word_equation_1000/ttt_0031_unsat.smt2,0.03,unsat,
random_word_equation_1000/ttt_0198_sat.smt2,10.00,timeout,
random_word_equation_1000/ttt_0945_unsat.smt2,0.03,unsat,
random_word_equation_1000/ttt_0668_sat.smt2,0.34,sat,
random_word_equation_1000/ttt_0472_sat.smt2,0.62,sat,
random_word_equation_1000/ttt_0616_sat.smt2,0.38,sat,
random_word_equation_1000/ttt_0783_unsat.smt2,0.03,unsat,
random_word_equation_1000/ttt_0570_sat.smt2,1.12,sat,
random_word_equation_1000/ttt_0305_unsat.smt2,0.03,unsat,
random_word_equation_1000/ttt_0853_unsat.smt2,0.03,unsat,
random_word_equation_1000/ttt_0069_unsat.smt2,0.03,unsat,
random_word_equation_1000/ttt_0546_sat.smt2,10.00,timeout,
random_word_equation_1000/ttt_0312_sat.smt2,10.00,timeout,
random_word_equation_1000/ttt_0045_unsat.smt2,0.03,unsat,
random_word_equation_1000/ttt_0444_sat.smt2,10.00,timeout,
random_word_equation_1000/ttt_0360_sat.smt2,10.00,timeout,
random_word_equation_1000/ttt_0367_unsat.smt2,0.03,unsat,
random_word_equation_1000/ttt_0953_unsat.smt2,0.03,unsat,
random_word_equation_1000/ttt_0617_unsat.smt2,0.03,unsat,
random_word_equation_1000/ttt_0806_sat.smt2,1.15,sat,
random_word_equation_1000/ttt_0296_sat.smt2,3.16,sat,
random_word_equation_1000/ttt_0516_sat.smt2,10.00,timeout,
random_word_equation_1000/ttt_0060_sat.smt2,3.58,sat,
random_word_equation_1000/ttt_0030_sat.smt2,10.00,timeout,
random_word_equation_1000/ttt_0600_sat.smt2,2.97,sat,
random_word_equation_1000/ttt_0399_unsat.smt2,0.03,unsat,
random_word_equation_1000/ttt_0381_unsat.smt2,0.03,unsat,
random_word_equation_1000/ttt_0830_sat.smt2,10.00,timeout,
random_word_equation_1000/ttt_0965_unsat.smt2,0.03,unsat,
random_word_equation_1000/ttt_0197_unsat.smt2,0.03,unsat,
random_word_equation_1000/ttt_0254_sat.smt2,5.31,sat,
random_word_equation_1000/ttt_0847_unsat.smt2,0.03,unsat,
random_word_equation_1000/ttt_0252_sat.smt2,0.68,sat,
random_word_equation_1000/ttt_0911_unsat.smt2,0.03,unsat,
random_word_equation_1000/ttt_0129_unsat.smt2,0.03,unsat,
random_word_equation_1000/ttt_0537_unsat.smt2,0.03,unsat,
random_word_equation_1000/ttt_0157_unsat.smt2,0.03,unsat,
random_word_equation_1000/ttt_0389_unsat.smt2,0.03,unsat,
random_word_equation_1000/ttt_0610_sat.smt2,0.95,sat,
random_word_equation_1000/ttt_0887_unsat.smt2,0.03,unsat,
random_word_equation_1000/ttt_0432_sat.smt2,10.00,timeout,
random_word_equation_1000/ttt_0899_unsat.smt2,0.03,unsat,
random_word_equation_1000/ttt_0262_sat.smt2,2.61,sat,
random_word_equation_1000/ttt_0970_sat.smt2,1.07,sat,
random_word_equation_1000/ttt_0168_sat.smt2,10.00,timeout,
random_word_equation_1000/ttt_0437_unsat.smt2,0.03,unsat,
random_word_equation_1000/ttt_0688_sat.smt2,10.00,timeout,
random_word_equation_1000/ttt_0976_sat.smt2,10.00,timeout,
random_word_equation_1000/ttt_0936_sat.smt2,10.00,timeout,
random_word_equation_1000/ttt_0006_sat.smt2,10.00,timeout,
random_word_equation_1000/ttt_0272_sat.smt2,0.44,sat,
random_word_equation_1000/ttt_0055_unsat.smt2,0.03,unsat,
random_word_equation_1000/ttt_0576_sat.smt2,10.00,timeout,
random_word_equation_1000/ttt_0124_sat.smt2,10.00,timeout,
random_word_equation_1000/ttt_0838_sat.smt2,10.00,timeout,
random_word_equation_1000/ttt_0506_sat.smt2,10.00,timeout,
random_word_equation_1000/ttt_0173_unsat.smt2,0.03,unsat,
random_word_equation_1000/ttt_0462_sat.smt2,0.23,sat,
random_word_equation_1000/ttt_0636_sat.smt2,3.44,sat,
random_word_equation_1000/ttt_0486_sat.smt2,10.00,timeout,
random_word_equation_1000/ttt_0345_unsat.smt2,0.03,unsat,
random_word_equation_1000/ttt_0770_sat.smt2,1.66,sat,
random_word_equation_1000/ttt_0264_sat.smt2,10.00,timeout,
random_word_equation_1000/ttt_0968_sat.smt2,0.03,sat,
random_word_equation_1000/ttt_0415_unsat.smt2,0.03,unsat,
random_word_equation_1000/ttt_0978_sat.smt2,10.00,timeout,
random_word_equation_1000/ttt_0497_unsat.smt2,0.03,unsat,
random_word_equation_1000/ttt_0551_unsat.smt2,0.03,unsat,
random_word_equation_1000/ttt_0016_sat.smt2,7.10,sat,
random_word_equation_1000/ttt_0870_sat.smt2,10.00,timeout,
random_word_equation_1000/ttt_0883_unsat.smt2,0.03,unsat,
random_word_equation_1000/ttt_0170_sat.smt2,2.14,sat,
random_word_equation_1000/ttt_0137_unsat.smt2,0.03,unsat,
random_word_equation_1000/ttt_0816_sat.smt2,6.30,sat,
random_word_equation_1000/ttt_0951_unsat.smt2,0.03,unsat,
random_word_equation_1000/ttt_0539_unsat.smt2,0.03,unsat,
random_word_equation_1000/ttt_0065_unsat.smt2,0.03,unsat,
random_word_equation_1000/ttt_0364_sat.smt2,0.79,sat,
random_word_equation_1000/ttt_0656_sat.smt2,1.30,sat,
random_word_equation_1000/ttt_0868_sat.smt2,0.59,sat,
random_word_equation_1000/ttt_0410_sat.smt2,10.00,timeout,
random_word_equation_1000/ttt_0355_unsat.smt2,0.03,unsat,
random_word_equation_1000/ttt_0220_sat.smt2,10.00,timeout,
random_word_equation_1000/ttt_0490_sat.smt2,10.00,timeout,
random_word_equation_1000/ttt_0324_sat.smt2,2.49,sat,
random_word_equation_1000/ttt_0950_sat.smt2,0.65,sat,
random_word_equation_1000/ttt_0706_sat.smt2,1.20,sat,
random_word_equation_1000/ttt_0982_sat.smt2,2.21,sat,
random_word_equation_1000/ttt_0116_sat.smt2,0.73,sat,
random_word_equation_1000/ttt_0063_unsat.smt2,0.03,unsat,
random_word_equation_1000/ttt_0964_sat.smt2,0.43,sat,
random_word_equation_1000/ttt_0363_unsat.smt2,0.03,unsat,
random_word_equation_1000/ttt_0223_unsat.smt2,0.03,unsat,
random_word_equation_1000/ttt_0930_sat.smt2,0.50,sat,
random_word_equation_1000/ttt_0650_sat.smt2,0.81,sat,
random_word_equation_1000/ttt_0773_unsat.smt2,8.58,unsat,
random_word_equation_1000/ttt_0191_unsat.smt2,0.03,unsat,
random_word_equation_1000/ttt_0276_sat.smt2,0.66,sat,
random_word_equation_1000/ttt_0274_sat.smt2,4.10,sat,
random_word_equation_1000/ttt_0644_sat.smt2,10.00,timeout,
random_word_equation_1000/ttt_0009_unsat.smt2,0.03,unsat,
random_word_equation_1000/ttt_0577_unsat.smt2,0.03,unsat,
random_word_equation_1000/ttt_0642_sat.smt2,2.34,sat,
random_word_equation_1000/ttt_0880_sat.smt2,10.00,timeout,
random_word_equation_1000/ttt_0564_sat.smt2,10.00,timeout,
random_word_equation_1000/ttt_0730_sat.smt2,5.57,sat,
random_word_equation_1000/ttt_0353_unsat.smt2,10.00,timeout,
random_word_equation_1000/ttt_0550_sat.smt2,10.00,timeout,
random_word_equation_1000/ttt_0004_sat.smt2,0.26,sat,
random_word_equation_1000/ttt_0043_unsat.smt2,0.03,unsat,
random_word_equation_1000/ttt_0471_unsat.smt2,0.03,unsat,
random_word_equation_1000/ttt_0855_unsat.smt2,0.03,unsat,
random_word_equation_1000/ttt_0299_unsat.smt2,0.57,unsat,
random_word_equation_1000/ttt_0297_unsat.smt2,0.03,unsat,
random_word_equation_1000/ttt_0641_unsat.smt2,0.03,unsat,
random_word_equation_1000/ttt_0627_unsat.smt2,0.03,unsat,
random_word_equation_1000/ttt_0340_sat.smt2,4.03,sat,
random_word_equation_1000/ttt_0408_sat.smt2,8.62,sat,
random_word_equation_1000/ttt_0225_unsat.smt2,0.03,unsat,
random_word_equation_1000/ttt_0569_unsat.smt2,0.03,unsat,
random_word_equation_1000/ttt_0879_unsat.smt2,0.03,unsat,
random_word_equation_1000/ttt_0752_sat.smt2,0.64,sat,
random_word_equation_1000/ttt_0012_sat.smt2,10.00,timeout,
random_word_equation_1000/ttt_0286_sat.smt2,10.00,timeout,
random_word_equation_1000/ttt_0927_unsat.smt2,0.03,unsat,
random_word_equation_1000/ttt_0008_sat.smt2,2.12,sat,
random_word_equation_1000/ttt_0417_unsat.smt2,0.03,unsat,
random_word_equation_1000/ttt_0866_sat.smt2,4.62,sat,
random_word_equation_1000/ttt_0873_unsat.smt2,0.03,unsat,
random_word_equation_1000/ttt_0980_sat.smt2,6.14,sat,
random_word_equation_1000/ttt_0626_sat.smt2,1.09,sat,
random_word_equation_1000/ttt_0284_sat.smt2,10.00,timeout,
random_word_equation_1000/ttt_0338_sat.smt2,1.57,sat,
random_word_equation_1000/ttt_0217_unsat.smt2,0.03,unsat,
random_word_equation_1000/ttt_0660_sat.smt2,3.83,sat,
random_word_equation_1000/ttt_0014_sat.smt2,10.00,timeout,
random_word_equation_1000/ttt_0749_unsat.smt2,0.03,unsat,
random_word_equation_1000/ttt_0670_sat.smt2,10.00,timeout,
random_word_equation_1000/ttt_0493_unsat.smt2,0.03,unsat,
random_word_equation_1000/ttt_0498_sat.smt2,1.49,sat,
random_word_equation_1000/ttt_0655_unsat.smt2,0.03,unsat,
random_word_equation_1000/ttt_0586_sat.smt2,2.92,sat,
random_word_equation_1000/ttt_0259_unsat.smt2,0.03,unsat,
random_word_equation_1000/ttt_0553_unsat.smt2,0.03,unsat,
random_word_equation_1000/ttt_0248_sat.smt2,4.51,sat,
random_word_equation_1000/ttt_0374_sat.smt2,10.00,timeout,
random_word_equation_1000/ttt_0892_sat.smt2,0.06,sat,
random_word_equation_1000/ttt_0260_sat.smt2,3.69,sat,
random_word_equation_1000/ttt_0017_unsat.smt2,0.03,unsat,
random_word_equation_1000/ttt_0246_sat.smt2,10.00,timeout,
random_word_equation_1000/ttt_0359_unsat.smt2,0.03,unsat,
random_word_equation_1000/ttt_0695_unsat.smt2,0.03,unsat,
random_word_equation_1000/ttt_0583_unsat.smt2,0.03,unsat,
random_word_equation_1000/ttt_0051_unsat.smt2,0.03,unsat,
random_word_equation_1000/ttt_0347_unsat.smt2,0.03,unsat,
random_word_equation_1000/ttt_0113_unsat.smt2,0.03,unsat,
random_word_equation_1000/ttt_0434_sat.smt2,2.31,sat,
random_word_equation_1000/ttt_0725_unsat.smt2,0.03,unsat,
random_word_equation_1000/ttt_0751_unsat.smt2,0.03,unsat,
random_word_equation_1000/ttt_0058_sat.smt2,10.00,timeout,
random_word_equation_1000/ttt_0146_sat.smt2,0.05,sat,
random_word_equation_1000/ttt_0545_unsat.smt2,0.03,unsat,
random_word_equation_1000/ttt_0440_sat.smt2,10.00,timeout,
random_word_equation_1000/ttt_0478_sat.smt2,0.07,sat,
random_word_equation_1000/ttt_0840_sat.smt2,10.00,timeout,
random_word_equation_1000/ttt_0255_unsat.smt2,0.03,unsat,
random_word_equation_1000/ttt_0800_sat.smt2,0.03,sat,
random_word_equation_1000/ttt_0758_sat.smt2,0.86,sat,
random_word_equation_1000/ttt_0228_sat.smt2,0.43,sat,
random_word_equation_1000/ttt_0563_unsat.smt2,0.03,unsat,
random_word_equation_1000/ttt_0398_sat.smt2,10.00,timeout,
random_word_equation_1000/ttt_0675_unsat.smt2,0.03,unsat,
random_word_equation_1000/ttt_0395_unsat.smt2,0.03,unsat,
random_word_equation_1000/ttt_0933_unsat.smt2,0.03,unsat,
random_word_equation_1000/ttt_0533_unsat.smt2,0.03,unsat,
random_word_equation_1000/ttt_0201_unsat.smt2,0.03,unsat,
random_word_equation_1000/ttt_0952_sat.smt2,10.00,timeout,
random_word_equation_1000/ttt_0230_sat.smt2,2.05,sat,
random_word_equation_1000/ttt_0141_unsat.smt2,0.03,unsat,
random_word_equation_1000/ttt_0843_unsat.smt2,0.03,unsat,
random_word_equation_1000/ttt_0243_unsat.smt2,0.03,unsat,
random_word_equation_1000/ttt_0785_unsat.smt2,0.03,unsat,
random_word_equation_1000/ttt_0330_sat.smt2,0.37,sat,
random_word_equation_1000/ttt_0095_unsat.smt2,0.03,unsat,
random_word_equation_1000/ttt_0848_sat.smt2,10.00,timeout,
random_word_equation_1000/ttt_0503_unsat.smt2,0.03,unsat,
random_word_equation_1000/ttt_0981_unsat.smt2,0.03,unsat,
random_word_equation_1000/ttt_0822_sat.smt2,2.39,sat,
random_word_equation_1000/ttt_0291_unsat.smt2,0.03,unsat,
random_word_equation_1000/ttt_0898_sat.smt2,0.27,sat,
random_word_equation_1000/ttt_0565_unsat.smt2,0.03,unsat,
random_word_equation_1000/ttt_0477_unsat.smt2,0.03,unsat,
random_word_equation_1000/ttt_0309_unsat.smt2,0.03,unsat,
random_word_equation_1000/ttt_0379_unsat.smt2,0.03,unsat,
random_word_equation_1000/ttt_0684_sat.smt2,3.64,sat,
random_word_equation_1000/ttt_0512_sat.smt2,9.66,sat,
random_word_equation_1000/ttt_0996_sat.smt2,8.68,sat,
random_word_equation_1000/ttt_0448_sat.smt2,0.24,sat,
random_word_equation_1000/ttt_0909_unsat.smt2,0.03,unsat,
random_word_equation_1000/ttt_0805_unsat.smt2,0.03,unsat,
random_word_equation_1000/ttt_0288_sat.smt2,0.28,sat,
random_word_equation_1000/ttt_0281_unsat.smt2,0.03,unsat,
random_word_equation_1000/ttt_0884_sat.smt2,8.73,sat,
random_word_equation_1000/ttt_0435_unsat.smt2,0.03,unsat,
random_word_equation_1000/ttt_0924_sat.smt2,1.03,sat,
random_word_equation_1000/ttt_0461_unsat.smt2,0.03,unsat,
random_word_equation_1000/ttt_0748_sat.smt2,2.37,sat,
random_word_equation_1000/ttt_0001_unsat.smt2,0.03,unsat,
random_word_equation_1000/ttt_0701_unsat.smt2,0.03,unsat,
random_word_equation_1000/ttt_0457_unsat.smt2,0.03,unsat,
random_word_equation_1000/ttt_0294_sat.smt2,0.03,sat,
random_word_equation_1000/ttt_0844_sat.smt2,10.00,timeout,
random_word_equation_1000/ttt_0024_sat.smt2,10.00,timeout,
random_word_equation_1000/ttt_0315_unsat.smt2,0.03,unsat,
random_word_equation_1000/ttt_0466_sat.smt2,0.03,sat,
random_word_equation_1000/ttt_0162_sat.smt2,0.44,sat,
random_word_equation_1000/ttt_0694_sat.smt2,1.16,sat,
random_word_equation_1000/ttt_0029_unsat.smt2,0.03,unsat,
random_word_equation_1000/ttt_0827_unsat.smt2,0.03,unsat,
random_word_equation_1000/ttt_0459_unsat.smt2,0.03,unsat,
random_word_equation_1000/ttt_0076_sat.smt2,4.14,sat,
random_word_equation_1000/ttt_0211_unsat.smt2,0.03,unsat,
random_word_equation_1000/ttt_0073_unsat.smt2,0.03,unsat,
random_word_equation_1000/ttt_0799_unsat.smt2,0.03,unsat,
random_word_equation_1000/ttt_0452_sat.smt2,10.00,timeout,
random_word_equation_1000/ttt_0921_unsat.smt2,0.03,unsat,
random_word_equation_1000/ttt_0269_unsat.smt2,0.03,unsat,
random_word_equation_1000/ttt_0590_sat.smt2,1.16,sat,
random_word_equation_1000/ttt_0416_sat.smt2,10.00,timeout,
random_word_equation_1000/ttt_0403_unsat.smt2,0.03,unsat,
random_word_equation_1000/ttt_0007_unsat.smt2,0.03,unsat,
random_word_equation_1000/ttt_0928_sat.smt2,2.25,sat,
random_word_equation_1000/ttt_0559_unsat.smt2,0.03,unsat,
random_word_equation_1000/ttt_0923_unsat.smt2,0.03,unsat,
random_word_equation_1000/ttt_0839_unsat.smt2,0.03,unsat,
random_word_equation_1000/ttt_0084_sat.smt2,10.00,timeout,
random_word_equation_1000/ttt_0052_sat.smt2,10.00,timeout,
random_word_equation_1000/ttt_0683_unsat.smt2,0.03,unsat,
random_word_equation_1000/ttt_0327_unsat.smt2,0.03,unsat,
random_word_equation_1000/ttt_0916_sat.smt2,2.14,sat,
random_word_equation_1000/ttt_0716_sat.smt2,10.00,timeout,
random_word_equation_1000/ttt_0832_sat.smt2,10.00,timeout,
random_word_equation_1000/ttt_0988_sat.smt2,10.00,timeout,
random_word_equation_1000/ttt_0383_unsat.smt2,0.03,unsat,
random_word_equation_1000/ttt_0241_unsat.smt2,0.03,unsat,
random_word_equation_1000/ttt_0391_unsat.smt2,0.03,unsat,
random_word_equation_1000/ttt_0714_sat.smt2,1.82,sat,
random_word_equation_1000/ttt_0745_unsat.smt2,0.03,unsat,
random_word_equation_1000/ttt_0740_sat.smt2,10.00,timeout,
random_word_equation_1000/ttt_0366_sat.smt2,10.00,timeout,
random_word_equation_1000/ttt_0573_unsat.smt2,0.03,unsat,
random_word_equation_1000/ttt_0188_sat.smt2,0.40,sat,
random_word_equation_1000/ttt_0013_unsat.smt2,0.03,unsat,
random_word_equation_1000/ttt_0647_unsat.smt2,0.03,unsat,
random_word_equation_1000/ttt_0836_sat.smt2,10.00,timeout,
random_word_equation_1000/ttt_0541_unsat.smt2,0.03,unsat,
random_word_equation_1000/ttt_0390_sat.smt2,1.03,sat,
random_word_equation_1000/ttt_0709_unsat.smt2,0.03,unsat,
random_word_equation_1000/ttt_0837_unsat.smt2,0.03,unsat,
random_word_equation_1000/ttt_0514_sat.smt2,1.95,sat,
random_word_equation_1000/ttt_0863_unsat.smt2,0.03,unsat,
random_word_equation_1000/ttt_0521_unsat.smt2,0.03,unsat,
random_word_equation_1000/ttt_0037_unsat.smt2,0.03,unsat,
random_word_equation_1000/ttt_0713_unsat.smt2,0.03,unsat,
random_word_equation_1000/ttt_0002_sat.smt2,0.11,sat,
random_word_equation_1000/ttt_0424_sat.smt2,10.00,timeout,
random_word_equation_1000/ttt_0522_sat.smt2,0.37,sat,
random_word_equation_1000/ttt_0678_sat.smt2,10.00,timeout,
random_word_equation_1000/ttt_0842_sat.smt2,3.18,sat,
random_word_equation_1000/ttt_0823_unsat.smt2,0.03,unsat,
random_word_equation_1000/ttt_0411_unsat.smt2,0.03,unsat,
random_word_equation_1000/ttt_0064_sat.smt2,1.01,sat,
random_word_equation_1000/ttt_0289_unsat.smt2,0.59,unsat,
random_word_equation_1000/ttt_0903_unsat.smt2,0.03,unsat,
random_word_equation_1000/ttt_0792_sat.smt2,5.99,sat,
random_word_equation_1000/ttt_0715_unsat.smt2,0.03,unsat,
random_word_equation_1000/ttt_0436_sat.smt2,10.00,timeout,
random_word_equation_1000/ttt_0639_unsat.smt2,0.03,unsat,
random_word_equation_1000/ttt_0628_sat.smt2,0.31,sat,
random_word_equation_1000/ttt_0527_unsat.smt2,0.03,unsat,
random_word_equation_1000/ttt_0659_unsat.smt2,0.03,unsat,
random_word_equation_1000/ttt_0385_unsat.smt2,0.03,unsat,
random_word_equation_1000/ttt_0238_sat.smt2,0.41,sat,
random_word_equation_1000/ttt_0336_sat.smt2,0.41,sat,
random_word_equation_1000/ttt_0106_sat.smt2,1.48,sat,
random_word_equation_1000/ttt_0156_sat.smt2,10.00,timeout,
random_word_equation_1000/ttt_0662_sat.smt2,2.99,sat,
random_word_equation_1000/ttt_0760_sat.smt2,0.83,sat,
random_word_equation_1000/ttt_0517_unsat.smt2,0.03,unsat,
random_word_equation_1000/ttt_0849_unsat.smt2,0.03,unsat,
random_word_equation_1000/ttt_0871_unsat.smt2,0.03,unsat,
random_word_equation_1000/ttt_0603_unsat.smt2,0.03,unsat,
random_word_equation_1000/ttt_0091_unsat.smt2,0.03,unsat,
random_word_equation_1000/ttt_0905_unsat.smt2,0.03,unsat,
random_word_equation_1000/ttt_0579_unsat.smt2,0.03,unsat,
random_word_equation_1000/ttt_0231_unsat.smt2,0.03,unsat,
random_word_equation_1000/ttt_0292_sat.smt2,10.00,timeout,
random_word_equation_1000/ttt_0172_sat.smt2,10.00,timeout,
random_word_equation_1000/ttt_0798_sat.smt2,0.34,sat,
random_word_equation_1000/ttt_0077_unsat.smt2,0.03,unsat,
random_word_equation_1000/ttt_0814_sat.smt2,0.49,sat,
random_word_equation_1000/ttt_0266_sat.smt2,0.87,sat,
random_word_equation_1000/ttt_0710_sat.smt2,2.59,sat,
random_word_equation_1000/ttt_0949_unsat.smt2,0.03,unsat,
random_word_equation_1000/ttt_0653_unsat.smt2,0.03,unsat,
random_word_equation_1000/ttt_0475_unsat.smt2,0.03,unsat,
random_word_equation_1000/ttt_0176_sat.smt2,0.87,sat,
random_word_equation_1000/ttt_0736_sat.smt2,1.28,sat,
random_word_equation_1000/ttt_0896_sat.smt2,10.00,timeout,
random_word_equation_1000/ttt_0081_unsat.smt2,0.03,unsat,
random_word_equation_1000/ttt_0298_sat.smt2,1.18,sat,
random_word_equation_1000/ttt_0165_unsat.smt2,0.03,unsat,
random_word_equation_1000/ttt_0455_unsat.smt2,0.03,unsat,
random_word_equation_1000/ttt_0638_sat.smt2,0.69,sat,
random_word_equation_1000/ttt_0663_unsat.smt2,0.03,unsat,
random_word_equation_1000/ttt_0438_sat.smt2,2.71,sat,
random_word_equation_1000/ttt_0335_unsat.smt2,0.03,unsat,
random_word_equation_1000/ttt_0922_sat.smt2,10.00,timeout,
random_word_equation_1000/ttt_0386_sat.smt2,0.15,sat,
random_word_equation_1000/ttt_0961_unsat.smt2,0.03,unsat,
random_word_equation_1000/ttt_0329_unsat.smt2,0.03,unsat,
random_word_equation_1000/ttt_0957_unsat.smt2,0.03,unsat,
random_word_equation_1000/ttt_0851_unsat.smt2,0.03,unsat,
random_word_equation_1000/ttt_0331_unsat.smt2,0.03,unsat,
random_word_equation_1000/ttt_0368_sat.smt2,1.41,sat,
random_word_equation_1000/ttt_0111_unsat.smt2,0.03,unsat,
random_word_equation_1000/ttt_0494_sat.smt2,3.97,sat,
random_word_equation_1000/ttt_0061_unsat.smt2,0.03,unsat,
random_word_equation_1000/ttt_0348_sat.smt2,10.00,timeout,
random_word_equation_1000/ttt_0164_sat.smt2,0.95,sat,
random_word_equation_1000/ttt_0120_sat.smt2,1.58,sat,
random_word_equation_1000/ttt_0505_unsat.smt2,0.03,unsat,
random_word_equation_1000/ttt_0629_unsat.smt2,0.03,unsat,
random_word_equation_1000/ttt_0027_unsat.smt2,0.03,unsat,
random_word_equation_1000/ttt_0453_unsat.smt2,0.03,unsat,
random_word_equation_1000/ttt_0203_unsat.smt2,0.03,unsat,
random_word_equation_1000/ttt_0718_sat.smt2,2.93,sat,
random_word_equation_1000/ttt_0442_sat.smt2,0.76,sat,
random_word_equation_1000/ttt_0920_sat.smt2,0.61,sat,
random_word_equation_1000/ttt_0972_sat.smt2,10.00,timeout,
random_word_equation_1000/ttt_0679_unsat.smt2,0.03,unsat,
random_word_equation_1000/ttt_0080_sat.smt2,0.98,sat,
random_word_equation_1000/ttt_0501_unsat.smt2,0.03,unsat,
random_word_equation_1000/ttt_0394_sat.smt2,0.44,sat,
random_word_equation_1000/ttt_0103_unsat.smt2,0.03,unsat,
random_word_equation_1000/ttt_0427_unsat.smt2,0.03,unsat,
random_word_equation_1000/ttt_0572_sat.smt2,0.50,sat,
random_word_equation_1000/ttt_0613_unsat.smt2,0.03,unsat,
random_word_equation_1000/ttt_0341_unsat.smt2,0.03,unsat,
random_word_equation_1000/ttt_0467_unsat.smt2,0.03,unsat,
random_word_equation_1000/ttt_0828_sat.smt2,3.72,sat,
random_word_equation_1000/ttt_0500_sat.smt2,10.00,timeout,
random_word_equation_1000/ttt_0400_sat.smt2,0.65,sat,
random_word_equation_1000/ttt_0682_sat.smt2,10.00,timeout,
random_word_equation_1000/ttt_0372_sat.smt2,3.24,sat,
random_word_equation_1000/ttt_0630_sat.smt2,10.00,timeout,
random_word_equation_1000/ttt_0122_sat.smt2,1.44,sat,
random_word_equation_1000/ttt_0691_unsat.smt2,0.03,unsat,
random_word_equation_1000/ttt_0495_unsat.smt2,0.03,unsat,
random_word_equation_1000/ttt_0637_unsat.smt2,0.03,unsat,
random_word_equation_1000/ttt_0619_unsat.smt2,0.03,unsat,
random_word_equation_1000/ttt_0934_sat.smt2,2.90,sat,
random_word_equation_1000/ttt_0669_unsat.smt2,0.03,unsat,
random_word_equation_1000/ttt_0215_unsat.smt2,0.03,unsat,
random_word_equation_1000/ttt_0192_sat.smt2,10.00,timeout,
random_word_equation_1000/ttt_0487_unsat.smt2,0.03,unsat,
random_word_equation_1000/ttt_0142_sat.smt2,0.05,sat,
random_word_equation_1000/ttt_0253_unsat.smt2,0.03,unsat,
random_word_equation_1000/ttt_0117_unsat.smt2,0.03,unsat,
random_word_equation_1000/ttt_0143_unsat.smt2,0.03,unsat,
random_word_equation_1000/ttt_0948_sat.smt2,10.00,timeout,
random_word_equation_1000/ttt_0658_sat.smt2,2.29,sat,
random_word_equation_1000/ttt_0362_sat.smt2,0.97,sat,
random_word_equation_1000/ttt_0862_sat.smt2,0.32,sat,
random_word_equation_1000/ttt_0433_unsat.smt2,0.03,unsat,
random_word_equation_1000/ttt_0937_unsat.smt2,0.03,unsat,
random_word_equation_1000/ttt_0731_unsat.smt2,0.03,unsat,
random_word_equation_1000/ttt_0287_unsat.smt2,0.03,unsat,
random_word_equation_1000/ttt_0557_unsat.smt2,0.03,unsat,
random_word_equation_1000/ttt_0075_unsat.smt2,0.03,unsat,
random_word_equation_1000/ttt_0484_sat.smt2,10.00,timeout,
random_word_equation_1000/ttt_0378_sat.smt2,10.00,timeout,
random_word_equation_1000/ttt_0140_sat.smt2,3.44,sat,
random_word_equation_1000/ttt_0944_sat.smt2,0.77,sat,
random_word_equation_1000/ttt_0693_unsat.smt2,0.03,unsat,
random_word_equation_1000/ttt_0985_unsat.smt2,0.03,unsat,
random_word_equation_1000/ttt_0491_unsat.smt2,0.03,unsat,
random_word_equation_1000/ttt_0210_sat.smt2,1.34,sat,
random_word_equation_1000/ttt_0867_unsat.smt2,0.03,unsat,
random_word_equation_1000/ttt_0311_unsat.smt2,0.03,unsat,
random_word_equation_1000/ttt_0206_sat.smt2,0.46,sat,
random_word_equation_1000/ttt_0181_unsat.smt2,0.03,unsat,
random_word_equation_1000/ttt_0268_sat.smt2,0.41,sat,
random_word_equation_1000/ttt_0765_unsat.smt2,0.03,unsat,
random_word_equation_1000/ttt_0393_unsat.smt2,0.03,unsat,
random_word_equation_1000/ttt_0708_sat.smt2,5.71,sat,
random_word_equation_1000/ttt_0209_unsat.smt2,0.03,unsat,
random_word_equation_1000/ttt_0757_unsat.smt2,0.03,unsat,
random_word_equation_1000/ttt_0308_sat.smt2,0.76,sat,
random_word_equation_1000/ttt_0891_unsat.smt2,0.03,unsat,
random_word_equation_1000/ttt_0601_unsat.smt2,0.03,unsat,
random_word_equation_1000/ttt_0112_sat.smt2,0.30,sat,
random_word_equation_1000/ttt_0344_sat.smt2,10.00,timeout,
random_word_equation_1000/ttt_0776_sat.smt2,2.68,sat,
random_word_equation_1000/ttt_0015_unsat.smt2,0.03,unsat,
random_word_equation_1000/ttt_0108_sat.smt2,10.00,timeout,
random_word_equation_1000/ttt_0664_sat.smt2,0.03,sat,
random_word_equation_1000/ttt_0831_unsat.smt2,0.03,unsat,
random_word_equation_1000/ttt_0555_unsat.smt2,0.03,unsat,
random_word_equation_1000/ttt_0983_unsat.smt2,0.03,unsat,
random_word_equation_1000/ttt_0159_unsat.smt2,0.03,unsat,
random_word_equation_1000/ttt_0623_unsat.smt2,0.03,unsat,
random_word_equation_1000/ttt_0560_sat.smt2,1.74,sat,
random_word_equation_1000/ttt_0794_sat.smt2,0.85,sat,
random_word_equation_1000/ttt_0739_unsat.smt2,0.03,unsat,
random_word_equation_1000/ttt_0793_unsat.smt2,0.03,unsat,
random_word_equation_1000/ttt_0787_unsat.smt2,0.03,unsat,
random_word_equation_1000/ttt_0524_sat.smt2,2.88,sat,
random_word_equation_1000/ttt_0476_sat.smt2,2.55,sat,
random_word_equation_1000/ttt_0940_sat.smt2,0.90,sat,
random_word_equation_1000/ttt_0761_unsat.smt2,0.03,unsat,
random_word_equation_1000/ttt_0959_unsat.smt2,0.03,unsat,
random_word_equation_1000/ttt_0237_unsat.smt2,0.03,unsat,
random_word_equation_1000/ttt_0775_unsat.smt2,0.03,unsat,
random_word_equation_1000/ttt_0915_unsat.smt2,0.03,unsat,
random_word_equation_1000/ttt_0185_unsat.smt2,0.03,unsat,
random_word_equation_1000/ttt_0121_unsat.smt2,0.03,unsat,
random_word_equation_1000/ttt_0567_unsat.smt2,0.03,unsat,
random_word_equation_1000/ttt_0578_sat.smt2,1.36,sat,
random_word_equation_1000/ttt_0234_sat.smt2,0.28,sat,
random_word_equation_1000/ttt_0261_unsat.smt2,0.03,unsat,
random_word_equation_1000/ttt_0257_unsat.smt2,0.03,unsat,
random_word_equation_1000/ttt_0499_unsat.smt2,0.03,unsat,
random_word_equation_1000/ttt_0788_sat.smt2,1.35,sat,
random_word_equation_1000/ttt_0420_sat.smt2,2.28,sat,
random_word_equation_1000/ttt_0041_unsat.smt2,0.03,unsat,
random_word_equation_1000/ttt_0086_sat.smt2,0.03,sat,
random_word_equation_1000/ttt_0681_unsat.smt2,0.03,unsat,
random_word_equation_1000/ttt_0803_unsat.smt2,0.03,unsat,
random_word_equation_1000/ttt_0509_unsat.smt2,0.03,unsat,
random_word_equation_1000/ttt_0326_sat.smt2,7.95,sat,
random_word_equation_1000/ttt_0282_sat.smt2,4.17,sat,
random_word_equation_1000/ttt_0011_unsat.smt2,0.03,unsat,
random_word_equation_1000/ttt_0698_sat.smt2,0.11,sat,
random_word_equation_1000/ttt_0699_unsat.smt2,0.03,unsat,
random_word_equation_1000/ttt_0778_sat.smt2,0.43,sat,
random_word_equation_1000/ttt_0534_sat.smt2,0.89,sat,
random_word_equation_1000/ttt_0470_sat.smt2,2.28,sat,
random_word_equation_1000/ttt_0528_sat.smt2,0.90,sat,
random_word_equation_1000/ttt_0886_sat.smt2,2.30,sat,
random_word_equation_1000/ttt_0720_sat.smt2,0.40,sat,
random_word_equation_1000/ttt_0543_unsat.smt2,0.03,unsat,
random_word_equation_1000/ttt_0304_sat.smt2,0.19,sat,
random_word_equation_1000/ttt_0549_unsat.smt2,0.03,unsat,
random_word_equation_1000/ttt_0460_sat.smt2,10.00,timeout,
random_word_equation_1000/ttt_0906_sat.smt2,7.90,sat,
random_word_equation_1000/ttt_0743_unsat.smt2,0.03,unsat,
random_word_equation_1000/ttt_0786_sat.smt2,2.22,sat,
random_word_equation_1000/ttt_0854_sat.smt2,10.00,timeout,
random_word_equation_1000/ttt_0804_sat.smt2,10.00,timeout,
random_word_equation_1000/ttt_0357_unsat.smt2,0.03,unsat,
random_word_equation_1000/ttt_0216_sat.smt2,5.22,sat,
random_word_equation_1000/ttt_0747_unsat.smt2,0.03,unsat,
random_word_equation_1000/ttt_0132_sat.smt2,0.09,sat,
random_word_equation_1000/ttt_0431_unsat.smt2,0.03,unsat,
random_word_equation_1000/ttt_0878_sat.smt2,10.00,timeout,
random_word_equation_1000/ttt_0592_sat.smt2,10.00,timeout,
random_word_equation_1000/ttt_0946_sat.smt2,1.63,sat,
random_word_equation_1000/ttt_0118_sat.smt2,1.16,sat,
random_word_equation_1000/ttt_0657_unsat.smt2,0.03,unsat,
random_word_equation_1000/ttt_0059_unsat.smt2,0.03,unsat,
random_word_equation_1000/ttt_0392_sat.smt2,10.00,timeout,
random_word_equation_1000/ttt_0585_unsat.smt2,0.03,unsat,
random_word_equation_1000/ttt_0402_sat.smt2,0.59,sat,
random_word_equation_1000/ttt_0519_unsat.smt2,0.03,unsat,
random_word_equation_1000/ttt_0795_unsat.smt2,0.03,unsat,
random_word_equation_1000/ttt_0149_unsat.smt2,0.03,unsat,
random_word_equation_1000/ttt_0540_sat.smt2,1.21,sat,
random_word_equation_1000/ttt_0342_sat.smt2,10.00,timeout,
random_word_equation_1000/ttt_0700_sat.smt2,3.52,sat,
random_word_equation_1000/ttt_0102_sat.smt2,1.91,sat,
random_word_equation_1000/ttt_0474_sat.smt2,0.73,sat,
random_word_equation_1000/ttt_0865_unsat.smt2,0.03,unsat,
random_word_equation_1000/ttt_0599_unsat.smt2,0.03,unsat,
random_word_equation_1000/ttt_0918_sat.smt2,10.00,timeout,
random_word_equation_1000/ttt_0313_unsat.smt2,0.03,unsat,
random_word_equation_1000/ttt_0536_sat.smt2,0.20,sat,
random_word_equation_1000/ttt_0819_unsat.smt2,0.03,unsat,
random_word_equation_1000/ttt_0195_unsat.smt2,0.03,unsat,
random_word_equation_1000/ttt_0561_unsat.smt2,0.03,unsat,
random_word_equation_1000/ttt_0900_sat.smt2,2.76,sat,
random_word_equation_1000/ttt_0633_unsat.smt2,0.03,unsat,
random_word_equation_1000/ttt_0376_sat.smt2,0.21,sat,
random_word_equation_1000/ttt_0632_sat.smt2,2.26,sat,
random_word_equation_1000/ttt_0523_unsat.smt2,0.03,unsat,
random_word_equation_1000/ttt_0502_sat.smt2,0.03,sat,
random_word_equation_1000/ttt_0525_unsat.smt2,0.03,unsat,
random_word_equation_1000/ttt_0645_unsat.smt2,0.03,unsat,
random_word_equation_1000/ttt_0200_sat.smt2,0.67,sat,
random_word_equation_1000/ttt_0384_sat.smt2,10.00,timeout,
random_word_equation_1000/ttt_0986_sat.smt2,10.00,timeout,
random_word_equation_1000/ttt_0275_unsat.smt2,0.03,unsat,
random_word_equation_1000/ttt_0430_sat.smt2,10.00,timeout,
random_word_equation_1000/ttt_0677_unsat.smt2,0.03,unsat,
random_word_equation_1000/ttt_0485_unsat.smt2,0.03,unsat,
random_word_equation_1000/ttt_0101_unsat.smt2,0.03,unsat,
random_word_equation_1000/ttt_0306_sat.smt2,0.03,sat,
random_word_equation_1000/ttt_0782_sat.smt2,0.40,sat,
random_word_equation_1000/ttt_0134_sat.smt2,2.13,sat,
random_word_equation_1000/ttt_0790_sat.smt2,1.31,sat,
random_word_equation_1000/ttt_0397_unsat.smt2,10.00,timeout,
random_word_equation_1000/ttt_0409_unsat.smt2,0.03,unsat,
random_word_equation_1000/ttt_0607_unsat.smt2,0.03,unsat,
random_word_equation_1000/ttt_0780_sat.smt2,4.81,sat,
random_word_equation_1000/ttt_0026_sat.smt2,0.52,sat,
random_word_equation_1000/ttt_0518_sat.smt2,10.00,timeout,
random_word_equation_1000/ttt_0846_sat.smt2,2.78,sat,
random_word_equation_1000/ttt_0971_unsat.smt2,0.03,unsat,
random_word_equation_1000/ttt_0727_unsat.smt2,0.03,unsat,
random_word_equation_1000/ttt_0247_unsat.smt2,0.03,unsat,
random_word_equation_1000/ttt_0316_sat.smt2,1.97,sat,
random_word_equation_1000/ttt_0057_unsat.smt2,0.03,unsat,
random_word_equation_1000/ttt_0947_unsat.smt2,0.03,unsat,
random_word_equation_1000/ttt_0380_sat.smt2,2.84,sat,
random_word_equation_1000/ttt_0721_unsat.smt2,0.03,unsat,
random_word_equation_1000/ttt_0492_sat.smt2,5.20,sat,
random_word_equation_1000/ttt_0244_sat.smt2,0.13,sat,
random_word_equation_1000/ttt_0202_sat.smt2,0.67,sat,
random_word_equation_1000/ttt_0829_unsat.smt2,0.03,unsat,
random_word_equation_1000/ttt_0594_sat.smt2,2.66,sat,
random_word_equation_1000/ttt_0135_unsat.smt2,0.03,unsat,
random_word_equation_1000/ttt_0107_unsat.smt2,0.03,unsat,
random_word_equation_1000/ttt_0852_sat.smt2,0.41,sat,
random_word_equation_1000/ttt_0532_sat.smt2,2.46,sat,
random_word_equation_1000/ttt_0126_sat.smt2,5.76,sat,
random_word_equation_1000/ttt_0375_unsat.smt2,0.03,unsat,
random_word_equation_1000/ttt_0418_sat.smt2,1.18,sat,
random_word_equation_1000/ttt_0667_unsat.smt2,0.03,unsat,
random_word_equation_1000/ttt_0046_sat.smt2,10.00,timeout,
random_word_equation_1000/ttt_0666_sat.smt2,10.00,timeout,
random_word_equation_1000/ttt_0796_sat.smt2,10.00,timeout,
random_word_equation_1000/ttt_0813_unsat.smt2,0.03,unsat,
random_word_equation_1000/ttt_0062_sat.smt2,6.33,sat,
random_word_equation_1000/ttt_0717_unsat.smt2,0.03,unsat,
random_word_equation_1000/ttt_0233_unsat.smt2,0.03,unsat,
random_word_equation_1000/ttt_0526_sat.smt2,1.33,sat,
random_word_equation_1000/ttt_0235_unsat.smt2,0.03,unsat,
random_word_equation_1000/ttt_0938_sat.smt2,3.09,sat,
random_word_equation_1000/ttt_0371_unsat.smt2,0.03,unsat,
random_word_equation_1000/ttt_0685_unsat.smt2,0.03,unsat,
random_word_equation_1000/ttt_0815_unsat.smt2,0.03,unsat,
random_word_equation_1000/ttt_0513_unsat.smt2,0.03,unsat,
random_word_equation_1000/ttt_0753_unsat.smt2,0.03,unsat,
random_word_equation_1000/ttt_0048_sat.smt2,4.63,sat,
random_word_equation_1000/ttt_0155_unsat.smt2,0.03,unsat,
random_word_equation_1000/ttt_0337_unsat.smt2,0.03,unsat,
random_word_equation_1000/ttt_0222_sat.smt2,0.37,sat,
random_word_equation_1000/ttt_0999_unsat.smt2,0.03,unsat,
random_word_equation_1000/ttt_0425_unsat.smt2,0.03,unsat,
random_word_equation_1000/ttt_0614_sat.smt2,0.84,sat,
random_word_equation_1000/ttt_0635_unsat.smt2,0.03,unsat,
random_word_equation_1000/ttt_0373_unsat.smt2,0.03,unsat,
random_word_equation_1000/ttt_0419_unsat.smt2,0.03,unsat,
random_word_equation_1000/ttt_0877_unsat.smt2,1.74,unsat,
random_word_equation_1000/ttt_0581_unsat.smt2,0.03,unsat,
random_word_equation_1000/ttt_0464_sat.smt2,0.03,sat,
random_word_equation_1000/ttt_0346_sat.smt2,10.00,timeout,
random_word_equation_1000/ttt_0406_sat.smt2,0.05,sat,
random_word_equation_1000/ttt_0990_sat.smt2,2.33,sat,
random_word_equation_1000/ttt_0634_sat.smt2,0.03,sat,
random_word_equation_1000/ttt_0038_sat.smt2,2.89,sat,
random_word_equation_1000/ttt_0907_unsat.smt2,0.03,unsat,
random_word_equation_1000/ttt_0742_sat.smt2,1.14,sat,
random_word_equation_1000/ttt_0707_unsat.smt2,0.03,unsat,
random_word_equation_1000/ttt_0265_unsat.smt2,0.03,unsat,
random_word_equation_1000/ttt_0139_unsat.smt2,0.03,unsat,
random_word_equation_1000/ttt_0010_sat.smt2,2.63,sat,
random_word_equation_1000/ttt_0290_sat.smt2,3.55,sat,
random_word_equation_1000/ttt_0270_sat.smt2,2.77,sat,
random_word_equation_1000/ttt_0199_unsat.smt2,0.03,unsat,
random_word_equation_1000/ttt_0929_unsat.smt2,0.03,unsat,
random_word_equation_1000/ttt_0351_unsat.smt2,0.03,unsat,
random_word_equation_1000/ttt_0429_unsat.smt2,0.03,unsat,
random_word_equation_1000/ttt_0671_unsat.smt2,0.03,unsat,
random_word_equation_1000/ttt_0621_unsat.smt2,0.03,unsat,
random_word_equation_1000/ttt_0598_sat.smt2,10.00,timeout,
random_word_equation_1000/ttt_0542_sat.smt2,3.07,sat,
random_word_equation_1000/ttt_0967_unsat.smt2,0.03,unsat,
random_word_equation_1000/ttt_0744_sat.smt2,9.50,sat,
random_word_equation_1000/ttt_0066_sat.smt2,10.00,timeout,
random_word_equation_1000/ttt_0596_sat.smt2,10.00,timeout,
random_word_equation_1000/ttt_0083_unsat.smt2,0.03,unsat,
random_word_equation_1000/ttt_0604_sat.smt2,10.00,timeout,
random_word_equation_1000/ttt_0738_sat.smt2,0.21,sat,
random_word_equation_1000/ttt_0099_unsat.smt2,0.03,unsat,
random_word_equation_1000/ttt_0401_unsat.smt2,0.03,unsat,
random_word_equation_1000/ttt_0818_sat.smt2,0.03,sat,
random_word_equation_1000/ttt_0857_unsat.smt2,0.03,unsat,
random_word_equation_1000/ttt_0544_sat.smt2,0.39,sat,
random_word_equation_1000/ttt_0169_unsat.smt2,0.03,unsat,
random_word_equation_1000/ttt_0412_sat.smt2,1.68,sat,
random_word_equation_1000/ttt_0153_unsat.smt2,0.03,unsat,
random_word_equation_1000/ttt_0480_sat.smt2,1.66,sat,
random_word_equation_1000/ttt_0258_sat.smt2,5.33,sat,
random_word_equation_1000/ttt_0733_unsat.smt2,0.03,unsat,
random_word_equation_1000/ttt_0914_sat.smt2,0.72,sat,
random_word_equation_1000/ttt_1000_sat.smt2,10.00,timeout,
random_word_equation_1000/ttt_0508_sat.smt2,10.00,timeout,
random_word_equation_1000/ttt_0648_sat.smt2,10.00,timeout,
random_word_equation_1000/ttt_0454_sat.smt2,1.03,sat,
random_word_equation_1000/ttt_0131_unsat.smt2,0.28,unsat,
random_word_equation_1000/ttt_0119_unsat.smt2,0.03,unsat,
random_word_equation_1000/ttt_0094_sat.smt2,0.37,sat,
random_word_equation_1000/ttt_0019_unsat.smt2,0.03,unsat,
random_word_equation_1000/ttt_0998_sat.smt2,0.41,sat,
random_word_equation_1000/ttt_0809_unsat.smt2,0.03,unsat,
random_word_equation_1000/ttt_0791_unsat.smt2,0.03,unsat,
random_word_equation_1000/ttt_0571_unsat.smt2,0.03,unsat,
random_word_equation_1000/ttt_0575_unsat.smt2,0.03,unsat,
random_word_equation_1000/ttt_0919_unsat.smt2,0.03,unsat,
random_word_equation_1000/ttt_0917_unsat.smt2,0.03,unsat,
random_word_equation_1000/ttt_0859_unsat.smt2,0.03,unsat,
random_word_equation_1000/ttt_0177_unsat.smt2,0.03,unsat,
random_word_equation_1000/ttt_0473_unsat.smt2,0.03,unsat,
random_word_equation_1000/ttt_0584_sat.smt2,4.80,sat,
random_word_equation_1000/ttt_0958_sat.smt2,7.76,sat,
random_word_equation_1000/ttt_0992_sat.smt2,0.03,sat,
random_word_equation_1000/ttt_0597_unsat.smt2,0.03,unsat,
random_word_equation_1000/ttt_0845_unsat.smt2,0.03,unsat,
random_word_equation_1000/ttt_0777_unsat.smt2,0.03,unsat,
random_word_equation_1000/ttt_0876_sat.smt2,1.07,sat,
random_word_equation_1000/ttt_0236_sat.smt2,0.46,sat,
random_word_equation_1000/ttt_0762_sat.smt2,0.03,sat,
random_word_equation_1000/ttt_0925_unsat.smt2,0.03,unsat,
random_word_equation_1000/ttt_0458_sat.smt2,1.02,sat,
random_word_equation_1000/ttt_0152_sat.smt2,0.94,sat,
random_word_equation_1000/ttt_0333_unsat.smt2,0.03,unsat,
random_word_equation_1000/ttt_0801_unsat.smt2,0.03,unsat,
random_word_equation_1000/ttt_0053_unsat.smt2,0.03,unsat,
random_word_equation_1000/ttt_0219_unsat.smt2,0.03,unsat,
random_word_equation_1000/ttt_0250_sat.smt2,1.65,sat,
random_word_equation_1000/ttt_0283_unsat.smt2,0.03,unsat,
random_word_equation_1000/ttt_0127_unsat.smt2,0.03,unsat,
random_word_equation_1000/ttt_0705_unsat.smt2,0.03,unsat,
random_word_equation_1000/ttt_0144_sat.smt2,10.00,timeout,
random_word_equation_1000/ttt_0078_sat.smt2,10.00,timeout,
random_word_equation_1000/ttt_0227_unsat.smt2,0.03,unsat,
random_word_equation_1000/ttt_0833_unsat.smt2,0.03,unsat,
random_word_equation_1000/ttt_0622_sat.smt2,10.00,timeout,
random_word_equation_1000/ttt_0443_unsat.smt2,0.03,unsat,
random_word_equation_1000/ttt_0515_unsat.smt2,0.03,unsat,
random_word_equation_1000/ttt_0187_unsat.smt2,0.03,unsat,
random_word_equation_1000/ttt_0356_sat.smt2,0.09,sat,
random_word_equation_1000/ttt_0624_sat.smt2,2.53,sat,
random_word_equation_1000/ttt_0182_sat.smt2,0.81,sat,
random_word_equation_1000/ttt_0295_unsat.smt2,0.03,unsat,
random_word_equation_1000/ttt_0067_unsat.smt2,0.03,unsat,
random_word_equation_1000/ttt_0388_sat.smt2,10.00,timeout,
random_word_equation_1000/ttt_0003_unsat.smt2,0.03,unsat,
random_word_equation_1000/ttt_0910_sat.smt2,7.46,sat,
random_word_equation_1000/ttt_0841_unsat.smt2,0.03,unsat,
random_word_equation_1000/ttt_0893_unsat.smt2,0.03,unsat,
random_word_equation_1000/ttt_0138_sat.smt2,10.00,timeout,
random_word_equation_1000/ttt_0963_unsat.smt2,0.03,unsat,
random_word_equation_1000/ttt_0723_unsat.smt2,0.03,unsat,
random_word_equation_1000/ttt_0771_unsat.smt2,0.03,unsat,
random_word_equation_1000/ttt_0125_unsat.smt2,0.03,unsat,
random_word_equation_1000/ttt_0931_unsat.smt2,0.03,unsat,
random_word_equation_1000/ttt_0531_unsat.smt2,0.03,unsat,
random_word_equation_1000/ttt_0615_unsat.smt2,0.03,unsat,
random_word_equation_1000/ttt_0955_unsat.smt2,0.03,unsat,
random_word_equation_1000/ttt_0204_sat.smt2,0.07,sat,
random_word_equation_1000/ttt_0098_sat.smt2,6.00,sat,
random_word_equation_1000/ttt_0640_sat.smt2,2.09,sat,
random_word_equation_1000/ttt_0186_sat.smt2,1.35,sat,
random_word_equation_1000/ttt_0123_unsat.smt2,0.03,unsat,
random_word_equation_1000/ttt_0728_sat.smt2,1.99,sat,
random_word_equation_1000/ttt_0943_unsat.smt2,0.03,unsat,
random_word_equation_1000/ttt_0612_sat.smt2,1.99,sat,
random_word_equation_1000/ttt_0042_sat.smt2,10.00,timeout,
random_word_equation_1000/ttt_0812_sat.smt2,0.28,sat,
random_word_equation_1000/ttt_0882_sat.smt2,3.40,sat,
random_word_equation_1000/ttt_0750_sat.smt2,4.66,sat,
random_word_equation_1000/ttt_0807_unsat.smt2,0.03,unsat,
random_word_equation_1000/ttt_0661_unsat.smt2,0.03,unsat,
random_word_equation_1000/ttt_0979_unsat.smt2,0.03,unsat,
random_word_equation_1000/ttt_0850_sat.smt2,0.05,sat,
random_word_equation_1000/ttt_0100_sat.smt2,0.63,sat,
random_word_equation_1000/ttt_0510_sat.smt2,2.99,sat,
random_word_equation_1000/ttt_0969_unsat.smt2,0.03,unsat,
random_word_equation_1000/ttt_0145_unsat.smt2,0.34,unsat,
random_word_equation_1000/ttt_0722_sat.smt2,3.51,sat,
random_word_equation_1000/ttt_0574_sat.smt2,1.65,sat,
random_word_equation_1000/ttt_0449_unsat.smt2,0.03,unsat,
random_word_equation_1000/ttt_0361_unsat.smt2,0.03,unsat,
random_word_equation_1000/ttt_0070_sat.smt2,0.07,sat,
random_word_equation_1000/ttt_0074_sat.smt2,0.41,sat,
random_word_equation_1000/ttt_0468_sat.smt2,0.03,sat,
random_word_equation_1000/ttt_0396_sat.smt2,1.40,sat,
random_word_equation_1000/ttt_0285_unsat.smt2,0.03,unsat,
random_word_equation_1000/ttt_0582_sat.smt2,10.00,timeout,
random_word_equation_1000/ttt_0147_unsat.smt2,0.03,unsat,
random_word_equation_1000/ttt_0317_unsat.smt2,0.03,unsat,
random_word_equation_1000/ttt_0407_unsat.smt2,0.03,unsat,
random_word_equation_1000/ttt_0218_sat.smt2,10.00,timeout,
random_word_equation_1000/ttt_0032_sat.smt2,2.77,sat,
random_word_equation_1000/ttt_0193_unsat.smt2,0.03,unsat,
random_word_equation_1000/ttt_0422_sat.smt2,0.03,sat,
random_word_equation_1000/ttt_0987_unsat.smt2,0.03,unsat,
random_word_equation_1000/ttt_0689_unsat.smt2,0.03,unsat,
random_word_equation_1000/ttt_0441_unsat.smt2,0.03,unsat,
random_word_equation_1000/ttt_0894_sat.smt2,2.32,sat,
random_word_equation_1000/ttt_0504_sat.smt2,0.07,sat,
random_word_equation_1000/ttt_0479_unsat.smt2,0.03,unsat,
random_word_equation_1000/ttt_0446_sat.smt2,10.00,timeout,
random_word_equation_1000/ttt_0175_unsat.smt2,0.03,unsat,
random_word_equation_1000/ttt_0625_unsat.smt2,0.03,unsat,
random_word_equation_1000/ttt_0150_sat.smt2,0.19,sat,
random_word_equation_1000/ttt_0763_unsat.smt2,0.03,unsat,
random_word_equation_1000/ttt_0414_sat.smt2,1.08,sat,
random_word_equation_1000/ttt_0860_sat.smt2,3.16,sat,
random_word_equation_1000/ttt_0935_unsat.smt2,0.03,unsat,
random_word_equation_1000/ttt_0856_sat.smt2,0.83,sat,
random_word_equation_1000/ttt_0071_unsat.smt2,0.03,unsat,
random_word_equation_1000/ttt_0161_unsat.smt2,0.03,unsat,
random_word_equation_1000/ttt_0602_sat.smt2,0.78,sat,
random_word_equation_1000/ttt_0018_sat.smt2,10.00,timeout,
random_word_equation_1000/ttt_0703_unsat.smt2,0.03,unsat,
random_word_equation_1000/ttt_0875_unsat.smt2,0.03,unsat,
random_word_equation_1000/ttt_0321_unsat.smt2,0.03,unsat,
random_word_equation_1000/ttt_0530_sat.smt2,7.00,sat,
random_word_equation_1000/ttt_0179_unsat.smt2,0.03,unsat,
random_word_equation_1000/ttt_0591_unsat.smt2,0.03,unsat,
random_word_equation_1000/ttt_0734_sat.smt2,2.47,sat,
random_word_equation_1000/ttt_0025_unsat.smt2,0.03,unsat,
random_word_equation_1000/ttt_0810_sat.smt2,1.19,sat,
random_word_equation_1000/ttt_0496_sat.smt2,0.79,sat,
random_word_equation_1000/ttt_0746_sat.smt2,10.00,timeout,
random_word_equation_1000/ttt_0426_sat.smt2,10.00,timeout,
random_word_equation_1000/ttt_0089_unsat.smt2,0.04,unsat,
random_word_equation_1000/ttt_0997_unsat.smt2,0.03,unsat,
random_word_equation_1000/ttt_0704_sat.smt2,10.00,timeout,
random_word_equation_1000/ttt_0895_unsat.smt2,0.03,unsat,
random_word_equation_1000/ttt_0595_unsat.smt2,0.03,unsat,
random_word_equation_1000/ttt_0547_unsat.smt2,0.03,unsat,
random_word_equation_1000/ttt_0028_sat.smt2,10.00,timeout,
random_word_equation_1000/ttt_0673_unsat.smt2,0.03,unsat,
random_word_equation_1000/ttt_0729_unsat.smt2,0.03,unsat,
random_word_equation_1000/ttt_0989_unsat.smt2,0.03,unsat,
random_word_equation_1000/ttt_0881_unsat.smt2,0.03,unsat,
random_word_equation_1000/ttt_0885_unsat.smt2,0.03,unsat,
random_word_equation_1000/ttt_0646_sat.smt2,1.02,sat,
random_word_equation_1000/ttt_0022_sat.smt2,3.33,sat,
random_word_equation_1000/ttt_0874_sat.smt2,1.44,sat,
random_word_equation_1000/ttt_0732_sat.smt2,1.09,sat,
random_word_equation_1000/ttt_0033_unsat.smt2,0.03,unsat,
random_word_equation_1000/ttt_0861_unsat.smt2,0.03,unsat,
random_word_equation_1000/ttt_0054_sat.smt2,2.09,sat,
random_word_equation_1000/ttt_0764_sat.smt2,0.74,sat,
random_word_equation_1000/ttt_0820_sat.smt2,7.65,sat,
random_word_equation_1000/ttt_0676_sat.smt2,0.87,sat,
random_word_equation_1000/ttt_0649_unsat.smt2,0.03,unsat,
random_word_equation_1000/ttt_0413_unsat.smt2,0.03,unsat,
random_word_equation_1000/ttt_0221_unsat.smt2,0.03,unsat,
random_word_equation_1000/ttt_0163_unsat.smt2,0.03,unsat,
random_word_equation_1000/ttt_0318_sat.smt2,10.00,timeout,
random_word_equation_1000/ttt_0889_unsat.smt2,0.03,unsat,
random_word_equation_1000/ttt_0183_unsat.smt2,0.03,unsat,
random_word_equation_1000/ttt_0719_unsat.smt2,0.03,unsat,
random_word_equation_1000/ttt_0908_sat.smt2,0.03,sat,
random_word_equation_1000/ttt_0995_unsat.smt2,0.03,unsat,
random_word_equation_1000/ttt_0774_sat.smt2,5.41,sat,
random_word_equation_1000/ttt_0941_unsat.smt2,0.03,unsat,
random_word_equation_1000/ttt_0105_unsat.smt2,0.03,unsat,
random_word_equation_1000/ttt_0902_sat.smt2,0.03,sat,
random_word_equation_1000/ttt_0966_sat.smt2,1.62,sat,
random_word_equation_1000/ttt_0737_unsat.smt2,0.03,unsat,
random_word_equation_1000/ttt_0224_sat.smt2,5.66,sat,
random_word_equation_1000/ttt_0020_sat.smt2,0.45,sat,
random_word_equation_1000/ttt_0781_unsat.smt2,0.03,unsat,
random_word_equation_1000/ttt_0674_sat.smt2,1.78,sat,
random_word_equation_1000/ttt_0960_sat.smt2,1.13,sat,
random_word_equation_1000/ttt_0482_sat.smt2,1.02,sat,
random_word_equation_1000/ttt_0154_sat.smt2,0.78,sat,
random_word_equation_1000/ttt_0692_sat.smt2,3.08,sat,
random_word_equation_1000/ttt_0759_unsat.smt2,0.03,unsat,
random_word_equation_1000/ttt_0991_unsat.smt2,0.03,unsat,
random_word_equation_1000/ttt_0654_sat.smt2,0.87,sat,
random_word_equation_1000/ttt_0303_unsat.smt2,0.03,unsat,
random_word_equation_1000/ttt_0926_sat.smt2,1.24,sat,
random_word_equation_1000/ttt_0423_unsat.smt2,0.03,unsat,
random_word_equation_1000/ttt_0609_unsat.smt2,0.03,unsat,
random_word_equation_1000/ttt_0690_sat.smt2,1.82,sat,
random_word_equation_1000/ttt_0044_sat.smt2,10.00,timeout,
random_word_equation_1000/ttt_0450_sat.smt2,0.10,sat,
random_word_equation_1000/ttt_0377_unsat.smt2,0.03,unsat,
random_word_equation_1000/ttt_0912_sat.smt2,3.28,sat,
random_word_equation_1000/ttt_0158_sat.smt2,8.83,sat,
random_word_equation_1000/ttt_0277_unsat.smt2,0.03,unsat,
random_word_equation_1000/ttt_0093_unsat.smt2,0.03,unsat,
random_word_equation_1000/ttt_0300_sat.smt2,10.00,timeout,
random_word_equation_1000/ttt_0180_sat.smt2,4.71,sat,
random_word_equation_1000/ttt_0050_sat.smt2,2.63,sat,
random_word_equation_1000/ttt_0686_sat.smt2,0.73,sat,
random_word_equation_1000/ttt_0205_unsat.smt2,0.03,unsat,
random_word_equation_1000/ttt_0151_unsat.smt2,0.03,unsat,
random_word_equation_1000/ttt_0538_sat.smt2,0.47,sat,
random_word_equation_1000/ttt_0207_unsat.smt2,0.03,unsat,
random_word_equation_1000/ttt_0888_sat.smt2,10.00,timeout,
random_word_equation_1000/ttt_0680_sat.smt2,0.03,sat,
random_word_equation_1000/ttt_0975_unsat.smt2,0.03,unsat,
random_word_equation_1000/ttt_0133_unsat.smt2,0.03,unsat,
random_word_equation_1000/ttt_0620_sat.smt2,10.00,timeout,
random_word_equation_1000/ttt_0834_sat.smt2,0.75,sat,
random_word_equation_1000/ttt_0767_unsat.smt2,0.03,unsat,
random_word_equation_1000/ttt_0226_sat.smt2,1.33,sat,
random_word_equation_1000/ttt_0109_unsat.smt2,0.03,unsat,
random_word_equation_1000/ttt_0672_sat.smt2,10.00,timeout,
random_word_equation_1000/ttt_0213_unsat.smt2,0.03,unsat,
random_word_equation_1000/ttt_0232_sat.smt2,10.00,timeout,
random_word_equation_1000/ttt_0240_sat.smt2,0.03,sat,
random_word_equation_1000/ttt_0811_unsat.smt2,0.03,unsat,
random_word_equation_1000/ttt_0797_unsat.smt2,0.03,unsat,
random_word_equation_1000/ttt_0566_sat.smt2,0.46,sat,
random_word_equation_1000/ttt_0605_unsat.smt2,0.03,unsat,
random_word_equation_1000/ttt_0358_sat.smt2,10.00,timeout,
random_word_equation_1000/ttt_0382_sat.smt2,10.00,timeout,
random_word_equation_1000/ttt_0239_unsat.smt2,0.03,unsat,
random_word_equation_1000/ttt_0651_unsat.smt2,0.03,unsat,
random_word_equation_1000/ttt_0278_sat.smt2,2.63,sat,
random_word_equation_1000/ttt_0802_sat.smt2,0.67,sat,
random_word_equation_1000/ttt_0049_unsat.smt2,0.03,unsat,
random_word_equation_1000/ttt_0643_unsat.smt2,0.03,unsat,
random_word_equation_1000/ttt_0404_sat.smt2,0.72,sat,
random_word_equation_1000/ttt_0702_sat.smt2,3.69,sat,
random_word_equation_1000/ttt_0562_sat.smt2,7.30,sat,
random_word_equation_1000/ttt_0697_unsat.smt2,0.03,unsat,
random_word_equation_1000/ttt_0428_sat.smt2,0.53,sat,
random_word_equation_1000/ttt_0352_sat.smt2,10.00,timeout,
random_word_equation_1000/ttt_0249_unsat.smt2,0.03,unsat,
random_word_equation_1000/ttt_0087_unsat.smt2,0.03,unsat,
random_word_equation_1000/ttt_0302_sat.smt2,10.00,timeout,
random_word_equation_1000/ttt_0611_unsat.smt2,0.03,unsat,
random_word_equation_1000/ttt_0779_unsat.smt2,0.03,unsat,
random_word_equation_1000/ttt_0456_sat.smt2,6.72,sat,
random_word_equation_1000/ttt_0463_unsat.smt2,0.03,unsat,
random_word_equation_1000/ttt_0835_unsat.smt2,10.00,timeout,
random_word_equation_1000/ttt_0784_sat.smt2,10.00,timeout,
random_word_equation_1000/ttt_0652_sat.smt2,1.28,sat,
random_word_equation_1000/ttt_0184_sat.smt2,0.74,sat,
random_word_equation_1000/ttt_0021_unsat.smt2,0.03,unsat,
random_word_equation_1000/ttt_0954_sat.smt2,6.44,sat,
random_word_equation_1000/ttt_0307_unsat.smt2,0.03,unsat,
random_word_equation_1000/ttt_0589_unsat.smt2,0.03,unsat,
random_word_equation_1000/ttt_0068_sat.smt2,0.27,sat,
random_word_equation_1000/ttt_0511_unsat.smt2,0.03,unsat,
random_word_equation_1000/ttt_0588_sat.smt2,10.00,timeout,
random_word_equation_1000/ttt_0082_sat.smt2,10.00,timeout,
random_word_equation_1000/ttt_0735_unsat.smt2,0.03,unsat,
random_word_equation_1000/ttt_0755_unsat.smt2,0.03,unsat,
random_word_equation_1000/ttt_0984_sat.smt2,10.00,timeout,
random_word_equation_1000/ttt_0451_unsat.smt2,0.03,unsat,
random_word_equation_1000/ttt_0167_unsat.smt2,0.03,unsat,
random_word_equation_1000/ttt_0056_sat.smt2,2.04,sat,
random_word_equation_1000/ttt_0369_unsat.smt2,0.03,unsat,
random_word_equation_1000/ttt_0114_sat.smt2,10.00,timeout,
random_word_equation_1000/ttt_0993_unsat.smt2,0.39,unsat,
random_word_equation_1000/ttt_0897_unsat.smt2,0.03,unsat,
random_word_equation_1000/ttt_0606_sat.smt2,10.00,timeout,
random_word_equation_1000/ttt_0483_unsat.smt2,0.03,unsat,
random_word_equation_1000/ttt_0322_sat.smt2,0.03,sat,
random_word_equation_1000/ttt_0079_unsat.smt2,0.03,unsat,
random_word_equation_1000/ttt_0242_sat.smt2,10.00,timeout,
random_word_equation_1000/ttt_0229_unsat.smt2,0.03,unsat,
random_word_equation_1000/ttt_0036_sat.smt2,3.68,sat,
random_word_equation_1000/ttt_0323_unsat.smt2,0.03,unsat,
random_word_equation_1000/ttt_0548_sat.smt2,10.00,timeout,
random_word_equation_1000/ttt_0092_sat.smt2,4.70,sat,
random_word_equation_1000/ttt_0148_sat.smt2,2.62,sat,
random_word_equation_1000/ttt_0212_sat.smt2,1.13,sat,
random_word_equation_1000/ttt_0273_unsat.smt2,0.03,unsat,
random_word_equation_1000/ttt_0354_sat.smt2,0.68,sat,
random_word_equation_1000/ttt_0279_unsat.smt2,0.03,unsat,
random_word_equation_1000/ttt_0256_sat.smt2,1.04,sat,
random_word_equation_1000/ttt_0096_sat.smt2,1.53,sat,
random_word_equation_1000/ttt_0023_unsat.smt2,0.03,unsat,
random_word_equation_1000/ttt_0556_sat.smt2,1.34,sat,
random_word_equation_1000/ttt_0535_unsat.smt2,0.38,unsat,
random_word_equation_1000/ttt_0974_sat.smt2,0.03,sat,
random_word_equation_1000/ttt_0097_unsat.smt2,0.03,unsat,
random_word_equation_1000/ttt_0756_sat.smt2,10.00,timeout,
random_word_equation_1000/ttt_0481_unsat.smt2,0.03,unsat,
random_word_equation_1000/ttt_0208_sat.smt2,1.87,sat,
random_word_equation_1000/ttt_0174_sat.smt2,5.47,sat,
random_word_equation_1000/ttt_0343_unsat.smt2,0.03,unsat,
random_word_equation_1000/ttt_0825_unsat.smt2,0.03,unsat,
random_word_equation_1000/ttt_0772_sat.smt2,10.00,timeout,
random_word_equation_1000/ttt_0267_unsat.smt2,0.03,unsat,
random_word_equation_1000/ttt_0942_sat.smt2,0.68,sat,
random_word_equation_1000/ttt_0864_sat.smt2,0.30,sat,
random_word_equation_1000/ttt_0901_unsat.smt2,0.03,unsat,
random_word_equation_1000/ttt_0196_sat.smt2,5.24,sat,
random_word_equation_1000/ttt_0194_sat.smt2,5.91,sat,
random_word_equation_1000/ttt_0552_sat.smt2,10.00,timeout,
random_word_equation_1000/ttt_0271_unsat.smt2,0.14,unsat,
random_word_equation_1000/ttt_0568_sat.smt2,0.43,sat,
random_word_equation_1000/ttt_0332_sat.smt2,10.00,timeout,
random_word_equation_1000/ttt_0314_sat.smt2,3.17,sat,
random_word_equation_1000/ttt_0711_unsat.smt2,0.03,unsat,
random_word_equation_1000/ttt_0136_sat.smt2,10.00,timeout,
random_word_equation_1000/ttt_0005_unsat.smt2,0.03,unsat,
random_word_equation_1000/ttt_0115_unsat.smt2,0.03,unsat,
random_word_equation_1000/ttt_0808_sat.smt2,3.60,sat,
random_word_equation_1000/ttt_0325_unsat.smt2,0.03,unsat,
random_word_equation_1000/ttt_0245_unsat.smt2,0.03,unsat,
random_word_equation_1000/ttt_0349_unsat.smt2,0.03,unsat,
random_word_equation_1000/ttt_0190_sat.smt2,2.71,sat,
random_word_equation_1000/ttt_0488_sat.smt2,4.91,sat,
random_word_equation_1000/ttt_0310_sat.smt2,0.53,sat,
random_word_equation_1000/ttt_0421_unsat.smt2,0.03,unsat,
random_word_equation_1000/ttt_0405_unsat.smt2,0.03,unsat,
random_word_equation_1000/ttt_0726_sat.smt2,0.35,sat,
random_word_equation_1000/ttt_0869_unsat.smt2,0.03,unsat,
random_word_equation_1000/ttt_0977_unsat.smt2,0.03,unsat,
random_word_equation_1000/ttt_0724_sat.smt2,0.86,sat,
random_word_equation_1000/ttt_0754_sat.smt2,2.92,sat,
random_word_equation_1000/ttt_0328_sat.smt2,2.55,sat,
random_word_equation_1000/ttt_0465_unsat.smt2,0.03,unsat,
random_word_equation_1000/ttt_0039_unsat.smt2,0.03,unsat,
random_word_equation_1000/ttt_0334_sat.smt2,2.91,sat,
random_word_equation_1000/ttt_0293_unsat.smt2,0.03,unsat,
random_word_equation_1000/ttt_0618_sat.smt2,10.00,timeout,
random_word_equation_1000/ttt_0939_unsat.smt2,0.03,unsat,
random_word_equation_1000/ttt_0507_unsat.smt2,0.03,unsat,
random_word_equation_1000/ttt_0520_sat.smt2,0.46,sat,
random_word_equation_1000/ttt_0072_sat.smt2,0.53,sat,
random_word_equation_1000/ttt_0035_unsat.smt2,0.03,unsat,
random_word_equation_1000/ttt_0932_sat.smt2,10.00,timeout,
random_word_equation_1000/ttt_0251_unsat.smt2,0.03,unsat,
random_word_equation_1000/ttt_0110_sat.smt2,0.32,sat,
random_word_equation_1000/ttt_0554_sat.smt2,0.03,sat,
random_word_equation_1000/ttt_0826_sat.smt2,6.17,sat,
random_word_equation_1000/ttt_0445_unsat.smt2,0.03,unsat,
random_word_equation_1000/ttt_0040_sat.smt2,1.32,sat,
random_word_equation_1000/ttt_0320_sat.smt2,10.00,timeout,
random_word_equation_1000/ttt_0350_sat.smt2,0.62,sat,
random_word_equation_1000/ttt_0128_sat.smt2,10.00,timeout,
random_word_equation_1000/ttt_0821_unsat.smt2,0.03,unsat,
random_word_equation_1000/ttt_0890_sat.smt2,0.57,sat,
random_word_equation_1000/ttt_0301_unsat.smt2,0.03,unsat,
random_word_equation_1000/ttt_0580_sat.smt2,4.87,sat,
random_word_equation_1000/ttt_0171_unsat.smt2,0.03,unsat,
random_word_equation_1000/ttt_0104_sat.smt2,5.90,sat,
random_word_equation_1000/ttt_0913_unsat.smt2,0.03,unsat,
random_word_equation_1000/ttt_0160_sat.smt2,1.26,sat,
random_word_equation_1000/ttt_0090_sat.smt2,0.07,sat,
random_word_equation_1000/ttt_0263_unsat.smt2,0.03,unsat,
random_word_equation_1000/ttt_0130_sat.smt2,0.22,sat,
random_word_equation_1000/ttt_0593_unsat.smt2,0.03,unsat,
random_word_equation_1000/ttt_0789_unsat.smt2,0.03,unsat,
random_word_equation_1000/ttt_0712_sat.smt2,2.66,sat,
random_word_equation_1000/ttt_0339_unsat.smt2,0.03,unsat,
random_word_equation_1000/ttt_0034_sat.smt2,0.15,sat,
random_word_equation_1000/ttt_0768_sat.smt2,0.03,sat,
random_word_equation_1000/ttt_0631_unsat.smt2,0.03,unsat,
random_word_equation_1000/ttt_0189_unsat.smt2,0.03,unsat,
random_word_equation_1000/ttt_0088_sat.smt2,0.03,sat,
random_word_equation_1000/ttt_0962_sat.smt2,0.07,sat,
random_word_equation_1000/ttt_0872_sat.smt2,0.26,sat,
random_word_equation_1000/ttt_0858_sat.smt2,0.37,sat,
random_word_equation_1000/ttt_0319_unsat.smt2,0.03,unsat,
random_word_equation_1000/ttt_0280_sat.smt2,0.21,sat,
random_word_equation_1000/ttt_0166_sat.smt2,10.00,timeout,
random_word_equation_1000/ttt_0665_unsat.smt2,0.03,unsat,
